,antecedents,consequents,support,confidence,lift
9258,"frozenset({'age_binned=0-25', 'native_country_aggregated=United-States'})","frozenset({'workclass=Private', 'marital-status=Never-married', 'income=<=50K', 'race=White'})",0.1023473244479809,0.6906040268456376,3.253162370407328
9240,"frozenset({'workclass=Private', 'marital-status=Never-married', 'income=<=50K', 'race=White'})","frozenset({'age_binned=0-25', 'native_country_aggregated=United-States'})",0.1023473244479809,0.48211775730126505,3.253162370407328
9225,"frozenset({'native_country_aggregated=United-States', 'race=White', 'income=<=50K', 'workclass=Private', 'marital-status=Never-married'})",frozenset({'age_binned=0-25'}),0.1023473244479809,0.5214527027027027,3.2302436678823
9267,frozenset({'age_binned=0-25'}),"frozenset({'native_country_aggregated=United-States', 'race=White', 'income=<=50K', 'workclass=Private', 'marital-status=Never-married'})",0.1023473244479809,0.6340110905730129,3.2302436678822994
9179,"frozenset({'workclass=Private', 'marital-status=Never-married', 'income=<=50K', 'race=White'})",frozenset({'age_binned=0-25'}),0.10911080167097673,0.5139778228955177,3.1839390211901017
9197,frozenset({'age_binned=0-25'}),"frozenset({'workclass=Private', 'marital-status=Never-married', 'income=<=50K', 'race=White'})",0.10911080167097673,0.6759088108441158,3.1839390211901013
9260,"frozenset({'age_binned=0-25', 'race=White'})","frozenset({'workclass=Private', 'marital-status=Never-married', 'income=<=50K', 'native_country_aggregated=United-States'})",0.1023473244479809,0.731689973927471,3.165409207343715
9236,"frozenset({'workclass=Private', 'marital-status=Never-married', 'income=<=50K', 'native_country_aggregated=United-States'})","frozenset({'age_binned=0-25', 'race=White'})",0.1023473244479809,0.4427710843373494,3.165409207343715
9244,"frozenset({'age_binned=0-25', 'income=<=50K', 'native_country_aggregated=United-States'})","frozenset({'workclass=Private', 'marital-status=Never-married', 'race=White'})",0.1023473244479809,0.6984162895927603,3.149765569183139
9253,"frozenset({'workclass=Private', 'marital-status=Never-married', 'race=White'})","frozenset({'age_binned=0-25', 'income=<=50K', 'native_country_aggregated=United-States'})",0.1023473244479809,0.46157296650717705,3.149765569183139
9262,"frozenset({'age_binned=0-25', 'income=<=50K'})","frozenset({'workclass=Private', 'marital-status=Never-married', 'race=White', 'native_country_aggregated=United-States'})",0.1023473244479809,0.6416545416753273,3.1245696296434007
9232,"frozenset({'workclass=Private', 'marital-status=Never-married', 'race=White', 'native_country_aggregated=United-States'})","frozenset({'age_binned=0-25', 'income=<=50K'})",0.1023473244479809,0.49838553438811756,3.1245696296434007
9213,"frozenset({'age_binned=0-25', 'native_country_aggregated=United-States'})","frozenset({'workclass=Private', 'marital-status=Never-married', 'race=White'})",0.10257940454876997,0.6921700223713646,3.1215957258919107
9211,"frozenset({'workclass=Private', 'marital-status=Never-married', 'race=White'})","frozenset({'age_binned=0-25', 'native_country_aggregated=United-States'})",0.10257940454876997,0.4626196172248804,3.1215957258919107
9068,frozenset({'age_binned=0-25'}),"frozenset({'workclass=Private', 'marital-status=Never-married', 'income=<=50K', 'native_country_aggregated=United-States'})",0.11577481599363437,0.7171903881700554,3.102681653468906
9050,"frozenset({'workclass=Private', 'marital-status=Never-married', 'income=<=50K', 'native_country_aggregated=United-States'})",frozenset({'age_binned=0-25'}),0.11577481599363437,0.5008605851979346,3.102681653468906
9220,frozenset({'age_binned=0-25'}),"frozenset({'workclass=Private', 'marital-status=Never-married', 'race=White', 'native_country_aggregated=United-States'})",0.10257940454876997,0.6354487574450606,3.094350245731017
9201,"frozenset({'workclass=Private', 'marital-status=Never-married', 'race=White', 'native_country_aggregated=United-States'})",frozenset({'age_binned=0-25'}),0.10257940454876997,0.49951566031643524,3.0943502457310164
9192,"frozenset({'age_binned=0-25', 'income=<=50K'})","frozenset({'workclass=Private', 'marital-status=Never-married', 'race=White'})",0.10911080167097673,0.6840573685304511,3.0850087245238433
9185,"frozenset({'workclass=Private', 'marital-status=Never-married', 'race=White'})","frozenset({'age_binned=0-25', 'income=<=50K'})",0.10911080167097673,0.49207535885167464,3.0850087245238433
9249,"frozenset({'age_binned=0-25', 'income=<=50K', 'race=White'})","frozenset({'workclass=Private', 'marital-status=Never-married', 'native_country_aggregated=United-States'})",0.1023473244479809,0.7402877697841727,3.071328708697416
9248,"frozenset({'workclass=Private', 'marital-status=Never-married', 'native_country_aggregated=United-States'})","frozenset({'age_binned=0-25', 'income=<=50K', 'race=White'})",0.1023473244479809,0.42462173314993124,3.071328708697416
9252,"frozenset({'marital-status=Never-married', 'income=<=50K', 'race=White'})","frozenset({'workclass=Private', 'age_binned=0-25', 'native_country_aggregated=United-States'})",0.1023473244479809,0.4050118079244293,3.066256563909799
9245,"frozenset({'workclass=Private', 'age_binned=0-25', 'native_country_aggregated=United-States'})","frozenset({'marital-status=Never-married', 'income=<=50K', 'race=White'})",0.1023473244479809,0.7748493975903615,3.0662565639097985
9242,"frozenset({'age_binned=0-25', 'race=White', 'native_country_aggregated=United-States'})","frozenset({'workclass=Private', 'marital-status=Never-married', 'income=<=50K'})",0.1023473244479809,0.7829064164341871,3.0643684573693166
9257,"frozenset({'workclass=Private', 'marital-status=Never-married', 'income=<=50K'})","frozenset({'age_binned=0-25', 'race=White', 'native_country_aggregated=United-States'})",0.1023473244479809,0.4005969374513367,3.0643684573693166
9360,frozenset({'relationship=Own-child'}),"frozenset({'workclass=Private', 'marital-status=Never-married', 'income=<=50K', 'native_country_aggregated=United-States'})",0.10466812545587163,0.706896551724138,3.0581488515638915
9343,"frozenset({'workclass=Private', 'marital-status=Never-married', 'income=<=50K', 'native_country_aggregated=United-States'})",frozenset({'relationship=Own-child'}),0.10466812545587163,0.4528112449799197,3.0581488515638915
9061,"frozenset({'age_binned=0-25', 'native_country_aggregated=United-States'})","frozenset({'workclass=Private', 'marital-status=Never-married', 'income=<=50K'})",0.11577481599363437,0.7812080536912751,3.0577209077908436
9060,"frozenset({'workclass=Private', 'marital-status=Never-married', 'income=<=50K'})","frozenset({'age_binned=0-25', 'native_country_aggregated=United-States'})",0.11577481599363437,0.4531533869711913,3.0577209077908436
9151,frozenset({'age_binned=0-25'}),"frozenset({'workclass=Private', 'marital-status=Never-married', 'race=White'})",0.10934288177176579,0.6773464777161634,3.0547434899633554
9144,"frozenset({'workclass=Private', 'marital-status=Never-married', 'race=White'})",frozenset({'age_binned=0-25'}),0.10934288177176579,0.49312200956937796,3.0547434899633554
9190,"frozenset({'age_binned=0-25', 'race=White'})","frozenset({'workclass=Private', 'marital-status=Never-married', 'income=<=50K'})",0.10911080167097673,0.7800426641384215,3.0531594647992564
9189,"frozenset({'workclass=Private', 'marital-status=Never-married', 'income=<=50K'})","frozenset({'age_binned=0-25', 'race=White'})",0.10911080167097673,0.4270698157280042,3.0531594647992564
9167,"frozenset({'age_binned=0-25', 'native_country_aggregated=United-States'})","frozenset({'marital-status=Never-married', 'income=<=50K', 'race=White'})",0.11424971818844905,0.770917225950783,3.050696059974747
9165,"frozenset({'marital-status=Never-married', 'income=<=50K', 'race=White'})","frozenset({'age_binned=0-25', 'native_country_aggregated=United-States'})",0.11424971818844905,0.45211230648123857,3.050696059974747
9034,frozenset({'age_binned=0-25'}),"frozenset({'workclass=Private', 'marital-status=Never-married', 'income=<=50K'})",0.12562164312711357,0.7781885397412198,3.04590224963336
9027,"frozenset({'workclass=Private', 'marital-status=Never-married', 'income=<=50K'})",frozenset({'age_binned=0-25'}),0.12562164312711357,0.49169478328575134,3.04590224963336
9215,"frozenset({'age_binned=0-25', 'race=White'})","frozenset({'workclass=Private', 'marital-status=Never-married', 'native_country_aggregated=United-States'})",0.10257940454876997,0.733349134866082,3.0425414863591147
9208,"frozenset({'workclass=Private', 'marital-status=Never-married', 'native_country_aggregated=United-States'})","frozenset({'age_binned=0-25', 'race=White'})",0.10257940454876997,0.4255845942228335,3.0425414863591147
9263,"frozenset({'workclass=Private', 'age_binned=0-25'})","frozenset({'marital-status=Never-married', 'income=<=50K', 'race=White', 'native_country_aggregated=United-States'})",0.1023473244479809,0.7099816007359706,3.019524117512457
9231,"frozenset({'marital-status=Never-married', 'income=<=50K', 'race=White', 'native_country_aggregated=United-States'})","frozenset({'workclass=Private', 'age_binned=0-25'})",0.1023473244479809,0.43527918781725894,3.019524117512457
9063,"frozenset({'age_binned=0-25', 'income=<=50K'})","frozenset({'workclass=Private', 'marital-status=Never-married', 'native_country_aggregated=United-States'})",0.11577481599363437,0.7258366244024111,3.0113733514753127
9056,"frozenset({'workclass=Private', 'marital-status=Never-married', 'native_country_aggregated=United-States'})","frozenset({'age_binned=0-25', 'income=<=50K'})",0.11577481599363437,0.48033012379642365,3.0113733514753127
9174,frozenset({'age_binned=0-25'}),"frozenset({'marital-status=Never-married', 'income=<=50K', 'race=White', 'native_country_aggregated=United-States'})",0.11424971818844905,0.7077428630108852,3.010002853092826
9155,"frozenset({'marital-status=Never-married', 'income=<=50K', 'race=White', 'native_country_aggregated=United-States'})",frozenset({'age_binned=0-25'}),0.11424971818844905,0.4858996051889453,3.0100028530928253
9426,frozenset({'relationship=Own-child'}),"frozenset({'marital-status=Never-married', 'income=<=50K', 'race=White', 'native_country_aggregated=United-States'})",0.10460181685564618,0.706448723690103,3.0044989289256754
9409,"frozenset({'marital-status=Never-married', 'income=<=50K', 'race=White', 'native_country_aggregated=United-States'})",frozenset({'relationship=Own-child'}),0.10460181685564618,0.4448674562887761,3.0044989289256754
